<?xml version="1.0" encoding="UTF-8"?>
<!DOCTYPE soybean-milk PUBLIC "-//SoybeanMilk//DTD soybeanMilk web//EN" "http://soybeanmilk.googlecode.com/files/soybeanMilk-web-1.0.dtd">

<soybean-milk>
	
	<resolvers>
		<resolver id="fileManager" class="example.file.FileManager" />
	</resolvers>
	
	<executables prefix="/file">
		
		<action name="/upload.do">
			<invoke>
				fileResult = fileManager.saveFile(request);
			</invoke>
			
			<target url="/file/result.jsp" />
		</action>
		
	</executables>
	
</soybean-milk>