<?xml version="1.0" encoding="UTF-8"?>
<!DOCTYPE soybean-milk PUBLIC "-//SoybeanMilk//DTD soybeanMilk web//EN" "http://soybeanmilk.googlecode.com/files/soybeanMilk-web-1.0.dtd">

<soybean-milk>
	
	<resolvers>
		<resolver id="friendManager" class="example.friend.FriendManager" />
	</resolvers>
	
	<executables prefix="/friend">
		
		<action name="/add.do">
			<invoke>
				addFriendResult = friendManager.addFriend(userId, friend);
			</invoke>
			
			<target url="/friend/list/{param.userId}" type="redirect" />
		</action>
		
		<action name="/list/{request.userId}">
			<invoke>
				friendList = friendManager.findAllFriends(userId);
			</invoke>
			
			<target url="/friend/list.jsp" />
		</action>
		
	</executables>
	
</soybean-milk>