<?xml version="1.0" encoding="UTF-8"?>
<!DOCTYPE soybean-milk PUBLIC "-//SoybeanMilk//DTD soybeanMilk web//EN" "http://soybeanmilk.googlecode.com/files/soybeanMilk-web-1.0.dtd">

<soybean-milk>
	
	<resolvers>
		<resolver id="orderService" class="org.soybeanMilk.example.generic.OrderServiceImpl" />
	</resolvers>
	
	<executables prefix="/generic">
		
		<action name="/save.do">
			<invoke>
				genericResult = orderService.save(order);
			</invoke>
			
			<target url="/generic/result.jsp" />
		</action>
		
		<action name="/saveAll.do">
			<invoke>
				genericResult = orderService.saveAll(order);
			</invoke>
			
			<target url="/generic/result.jsp" />
		</action>
		
		<action name="/delete.do">
			<invoke>
				genericResult = orderService.delete(order);
			</invoke>
			
			<target url="/generic/result.jsp" />
		</action>
		
	</executables>
	
</soybean-milk>