<?xml version="1.0" encoding="UTF-8"?>
<!DOCTYPE soybean-milk PUBLIC "-//SoybeanMilk//DTD soybeanMilk web//EN" "http://soybeanmilk.googlecode.com/files/soybeanMilk-web-1.0.dtd">

<soybean-milk>
	
	<resolvers>
		<resolver id="helloResolver" class="example.hello.Hello" />
	</resolvers>
	
	<executables prefix="/hello">
		
		<action name="/hello.do">
			<invoke>
				helloResult = helloResolver.hello(helloTo, helloRepeat);
			</invoke>
			
			<invoke>
				example.hello.Hello.printObject(helloResult);
			</invoke>
			
			<target url="/hello/result.jsp" />
		</action>
		
	</executables>
	
</soybean-milk>