<?xml version="1.0" encoding="UTF-8"?>
<!DOCTYPE soybean-milk PUBLIC "-//SoybeanMilk//DTD soybeanMilk web//EN" "http://soybeanmilk.googlecode.com/files/soybeanMilk-web-1.0.dtd">

<soybean-milk>

	<resolvers>
		<resolver id="someManager" class="example.json.SomeManager" />
	</resolvers>
	
	<executables prefix="/json">
		
		<action name="/json.do">
			<invoke>
				someObj = someManager.getSomeObj("cat");
			</invoke>
			<invoke>
				anotherObj = someManager.anotherObj();
			</invoke>
			
			<target type="json" /><!-- see type-target-handler tag in ../soybean-milk.cfg.xml -->
		</action>
		
	</executables>
	
</soybean-milk>