<?xml version="1.0" encoding="UTF-8"?>
<!DOCTYPE soybean-milk PUBLIC "-//SoybeanMilk//DTD soybeanMilk web//EN" "http://soybeanmilk.googlecode.com/files/soybeanMilk-web-1.0.dtd">

<soybean-milk>
	
	<resolvers>
		<resolver id="productManager" class="org.soybeanMilk.example.product.ProductManager" />
	</resolvers>
	
	<executables prefix="/product">
		
		<action name="/add.do">
			<invoke>
				productManager.addProduct(param);
			</invoke>
			
			<target url="/product/list.do" type="redirect" />
		</action>
		
		<action name="/delete.do">
			<invoke>
				productManager.delete(number);
			</invoke>
			
			<target url="/product/list.do" type="redirect" />
		</action>
		
		<action name="/list.do">
			<invoke>
				productList = productManager.listAll();
			</invoke>
			
			<target url="/product/list.jsp" />
		</action>
		
	</executables>
	
</soybean-milk>