<?xml version="1.0" encoding="UTF-8"?>
<!DOCTYPE soybean-milk PUBLIC "-//SoybeanMilk//DTD soybeanMilk web//EN" "http://soybeanmilk.googlecode.com/files/soybeanMilk-web-1.0.dtd">

<soybean-milk>
	
	<executables prefix="/dynamic">
		
		<action name="/save.do">
			<invoke>
				domainObject = domainObject.save();
			</invoke>
			
			<target url="/dynamic/result.do" />
		</action>
		
		<action name="/result.do">
			<target url="/dynamic/result.jsp" />
		</action>
		
	</executables>
	
</soybean-milk>