<?xml version="1.0" encoding="UTF-8"?>
<soybean-milk>
	
	<resolvers>
		<resolver id="friendManager" class="example.resolver.FriendManager" />
	</resolvers>
	
	<executables>
		
		<action name="/friend/addFriend.do">
			<invoke>
				addFriendResult = friendManager.addFriend(param.userId, param.friend);
			</invoke>
			
			<target url="/friend/list/{param.userId}" type="redirect" />
		</action>
		
		<action name="/friend/list/{request.userId}">
			<invoke>
				request.friendList = friendManager.findAllFriends(request.userId);
			</invoke>
			
			<target url="/friend/list.jsp" />
		</action>
		
	</executables>
	
</soybean-milk>