<?xml version="1.0" encoding="UTF-8"?>
<!DOCTYPE soybean-milk PUBLIC "-//SoybeanMilk//DTD soybeanMilk web//EN" "http://soybeanmilk.googlecode.com/files/soybeanMilk-web-1.0.dtd">

<soybean-milk>
	
	<resolvers>
		<resolver id="helloResolver" class="example.hello.Hello" />
	</resolvers>
	
	<executables>
		
		<action name="/hello.do">
			<invoke method="hello" resolver="helloResolver" result-key="helloResult">
				<arg>helloTo</arg>
				<arg>helloRepeat</arg>
			</invoke>
			
			<invoke method="printObject" resolver="example.hello.Hello">
				<arg>request.helloResult</arg>
			</invoke>
			
			<target url="/hello/helloResult.jsp" />
		</action>
		
	</executables>
	
</soybean-milk>