<?xml version="1.0" encoding="UTF-8"?>
<soybean-milk>
	
	<global-config>
		<exception-handler executable-name="handleException" exception-arg-key="session.executeException" />
	</global-config>
	
	<resolvers>
		<resolver id="helloResolver" class="example.resolver.HelloResolver" />
		<resolver id="exceptionHandler" class="example.ExceptionHandler" />
	</resolvers>
	
	<executables>
		
		<action name="handleException">
			<invoke method="handleException" resolver="exceptionHandler" result-key="session.exceptionMsg">
				<arg key="session.executeException" />
			</invoke>
			
			<target url="/error.jsp" type="redirect" />
		</action>
		
		<action name="/hello.do">
			<invoke method="hello" resolver="helloResolver" result-key="helloResult">
				<arg key="helloTo" />
				<arg key="helloRepeat" />
			</invoke>
			
			<invoke method="printObject" resolver-class="example.resolver.HelloResolver">
				<arg key="request.helloResult" />
			</invoke>
			
			<target url="/helloResult.jsp" />
		</action>
		
	</executables>
	
</soybean-milk>