<?xml version="1.0" encoding="UTF-8"?>
<soybean-milk>
	
	<global-config>
		
		<generic-converter>
			<converter src="request" target="java.io.File" class="example.converter.FileConverter" />
		</generic-converter>
		
		<interceptor before="handleBefore" after="handleAfter" exception="handleException"
				execution-key="session.execution" />
	</global-config>
	
	<includes>
		<file>/WEB-INF/modules/friends.xml</file>
	</includes>
	
	<resolvers>
		<resolver id="helloResolver" class="example.resolver.Hello" />
		<resolver id="fileManager" class="example.resolver.FileManager" />
		<resolver id="interceptor" class="example.Interceptor" />
	</resolvers>
	
	<executables>
		
		<invoke name="handleBefore">
			interceptor.handleBefore(session.execution);
		</invoke>
		
		<invoke name="handleAfter">
			interceptor.handleAfter(session.execution);
		</invoke>
		
		<action name="handleException">
			<invoke method="handleException" resolver="interceptor" result-key="session.exceptionMsg">
				<arg>session.execution</arg>
			</invoke>
			
			<target url="/error.jsp" type="redirect" />
		</action>
		
		<action name="/hello.do">
			<invoke method="hello" resolver="helloResolver" result-key="helloResult">
				<arg>helloTo</arg>
				<arg>helloRepeat</arg>
			</invoke>
			
			<invoke method="printObject" resolver-class="example.resolver.Hello">
				<arg>request.helloResult</arg>
			</invoke>
			
			<target url="/hello/helloResult.jsp" />
		</action>
		
		<action name="/upload.do">
			<invoke method="saveFile" resolver="fileManager" result-key="fileResult">
				<arg>request</arg>
			</invoke>
			
			<target url="/file/fileResult.jsp" />
		</action>
		
	</executables>
	
</soybean-milk>