<?xml version="1.0" encoding="UTF-8"?>
<soybean-milk>
	
	<global-config>
		
		<generic-converter>
			<converter src="javax.servlet.http.HttpServletRequest" target="java.io.File" class="example.converter.FileConverter" />
		</generic-converter>
		
		<exception-handler executable-name="handleException" exception-arg-key="session.executeException" />
	</global-config>
	
	<resolvers>
		<resolver id="helloResolver" class="example.resolver.Hello" />
		<resolver id="fileManager" class="example.resolver.FileManager" />
		<resolver id="exceptionHandler" class="example.ExceptionHandler" />
	</resolvers>
	
	<executables>
		
		<action name="handleException">
			<invoke method="handleException" resolver="exceptionHandler" result-key="session.exceptionMsg">
				<arg>session.executeException</arg>
			</invoke>
			
			<target url="/error.jsp" type="redirect" />
		</action>
		
		<action name="/hello.do">
			<invoke method="hello" resolver="helloResolver" result-key="helloResult">
				<arg>helloTo</arg>
				<arg>helloRepeat</arg>
			</invoke>
			
			<invoke method="printObject" resolver-class="example.resolver.Hello">
				<arg>request.helloResult</arg>
			</invoke>
			
			<target url="/helloResult.jsp" />
		</action>
		
		<action name="/upload.do">
			<invoke method="saveFile" resolver="fileManager" result-key="fileResult">
				<arg>request</arg>
			</invoke>
			
			<target url="/fileResult.jsp" />
		</action>
		
	</executables>
	
</soybean-milk>