<?xml version="1.0" encoding="UTF-8"?>
<!DOCTYPE soybean-milk PUBLIC "-//SoybeanMilk//DTD soybeanMilk core//EN" "http://soybeanmilk.googlecode.com/files/soybeanMilk-core-1.0.dtd">

<soybean-milk>
	<global-config>
		<generic-converter>
			<converter src="String" target="int" class="org.soybeanMilk.core.bean.converters.IntegerConverter" />
		</generic-converter>
		
		<interceptor before="beforeHandler" after="afterHandler" exception="exceptionHandler"
			execution-key="executionKey" />
	</global-config>
	
	<resolvers>
		<resolver id="helloResolver" class="example.resolver.HelloResolver" />
		<resolver id="interceptor" class="example.resolver.InterceptorResolver" />
		<resolver id="genericResolver" class="example.resolver.GenericResolver$MyResolver" />
	</resolvers>
	
	<executables>
		<invoke name="beforeHandler">
			interceptor.before(executionKey);
		</invoke>
		<invoke name="afterHandler">
			interceptor.after(executionKey);
		</invoke>
		<invoke name="exceptionHandler">
			interceptor.exception(executionKey);
		</invoke>
		
		<action name="helloXml">
			<invoke method="hello" resolver="helloResolver" result-key="helloResult">
				<arg>helloTo</arg>
				<arg>helloRepeat</arg>
			</invoke>
			
			<invoke method="printObject" resolver-class="example.resolver.HelloResolver">
				<arg>helloResult</arg>
			</invoke>
		</action>
		
		<action name="helloStatement">
			<invoke> statement.helloResult = helloResolver.hello(helloTo, 3) </invoke>
			<invoke> example . resolver. HelloResolver . printObject ( statement.helloResult ); </invoke>
		</action>
		
		<action name="javaSyntax">
			<invoke>
				example.resolver.HelloResolver.testJavaSyntax(
					'a',
					35,
					true,
					22222,
					33333333333,
					2.533f,
					3.23423434089d,
					"ab\tcd",
					null
				);
			</invoke>
		</action>
		
		<action name="reference">
			<ref name="refTarget"/>
		</action>
		
		<invoke name="refTarget">
			helloResolver.printObject("i am the reference target");
		</invoke>
		
		<action name="interceptorBeforeAfter">
			<invoke>
				interceptor.invokeNormal()
			</invoke>
		</action>
		
		<action name="interceptorException">
			<invoke>
				interceptor.invokeThrow()
			</invoke>
		</action>
		
		<invoke name="genericSimple">
			genericResolver.simple(genericStringInput);
		</invoke>
		
		<invoke name="genericList">
			genericResolver.list(genericStringArrayInput);
		</invoke>
		
		<invoke name="genericSet">
			genericResolver.set(genericStringArrayInput);
		</invoke>
		
		<invoke name="genericArray">
			genericResolver.array(genericStringArrayInput);
		</invoke>
		
	</executables>
	
</soybean-milk>