<?xml version="1.0" encoding="UTF-8"?>
<!DOCTYPE soybean-milk PUBLIC "-//SoybeanMilk//DTD soybeanMilk web//EN" "http://soybeanmilk.googlecode.com/files/soybeanMilk-web-1.0.dtd">

<soybean-milk>
	
	<global-config>
		
		<generic-converter>
			<converter src="javax.servlet.http.HttpServletRequest" target="java.io.File" class="org.soybeanMilk.example.file.converter.FileConverter" />
		</generic-converter>
		
		<interceptor before="handleBefore" after="handleAfter" exception="handleException"
				execution-key="session.execution" />
		
		<type-target-handler>
			<target-handler handle-type="json" class="org.soybeanMilk.example.JsonHandler" />
		</type-target-handler>
		
	</global-config>
	
	<includes>
		<location>/WEB-INF/sbm-modules/file.xml</location>
		<location>/WEB-INF/sbm-modules/friend.xml</location>
		<location>/WEB-INF/sbm-modules/hello.xml</location>
		<location>/WEB-INF/sbm-modules/product.xml</location>
		<location>/WEB-INF/sbm-modules/directive.xml</location>
		<location>/WEB-INF/sbm-modules/json.xml</location>
		<location>/WEB-INF/sbm-modules/generic.xml</location>
		<location>/WEB-INF/sbm-modules/dynamic.xml</location>
		<location>/WEB-INF/sbm-modules/spring.xml</location>
	</includes>
	
	<resolvers>
		<resolver id="interceptor" class="org.soybeanMilk.example.Interceptor" />
	</resolvers>
	
	<executables>
		
		<invoke name="handleBefore">
			interceptor.handleBefore(session.execution);
		</invoke>
		
		<invoke name="handleAfter">
			interceptor.handleAfter(session.execution);
		</invoke>
		
		<action name="handleException">
			<invoke method="handleException" resolver="interceptor" result-key="session.exceptionMsg">
				<arg>session.execution</arg>
			</invoke>
			
			<target url="/error.jsp" type="redirect" />
		</action>
		
	</executables>
	
</soybean-milk>